序号,股票代码,股票简称,预告指标,预告类型,公告日期,报告期
1,688005,容百科技,归属于上市公司股东的净利润,扭亏,2026-07-07,2026年中报
3,603992,松霖科技,净利润,预增,2026-07-07,2026年中报
6,603225,新凤鸣,归属于上市公司股东的净利润,预增,2026-07-07,2026年中报
8,603209,兴通股份,归属于上市公司股东的净利润,预增,2026-07-07,2026年中报
10,603101,汇嘉时代,归属于上市公司股东的净利润,预增,2026-07-07,2026年中报
12,601678,滨化股份,归属于上市公司股东的净利润,预增,2026-07-07,2026年中报
14,601121,宝地矿业,归属于上市公司股东的净利润,预增,2026-07-07,2026年中报
16,600653,申华控股,归属于上市公司股东的净利润,减亏,2026-07-07,2026年中报
18,600346,恒力石化,归属于上市公司股东的净利润,预增,2026-07-07,2026年中报
20,600309,万华化学,归属于上市公司股东的净利润,预增,2026-07-07,2026年中报
22,600120,浙江东方,归属于上市公司股东的净利润,预增,2026-07-07,2026年中报
24,300687,赛意信息,归属于上市公司股东的净利润,预增,2026-07-07,2026年中报
26,003022,联泓新科,每股收益,预增,2026-07-07,2026年中报
29,002841,视源股份,每股收益,预增,2026-07-07,2026年中报
32,002787,华源控股,每股收益,预增,2026-07-07,2026年中报
35,002497,雅化集团,每股收益,预增,2026-07-07,2026年中报
38,002107,沃华医药,每股收益,预增,2026-07-07,2026年中报
41,000987,越秀资本,每股收益,预增,2026-07-07,2026年中报
44,000859,国风新材,每股收益,减亏,2026-07-07,2026年中报
47,000818,航锦科技,每股收益,预增,2026-07-07,2026年中报
50,000729,燕京啤酒,每股收益,略增,2026-07-07,2026年中报
